﻿<?xml version="1.0" encoding="utf-8" ?>
<keybindings>
  <binding command="north"        key="8"  name="Idź na północ" />
  <binding command="south"        key="k"  name="Idź na południe" />
  <binding command="east"         key="o"  name="Idź na wschód" />
  <binding command="west"         key="u"  name="Idź na zachód" />
  <binding command="north-east"   key="9"  name="Idź na północny-wschód"/>
  <binding command="north-west"   key="7"  name="Idź na północny-zachód"/>
  <binding command="south-east"   key="l"  name="Idź na południowy-wschód"/>
  <binding command="south-west"   key="j"  name="Idź na południowy-zachód"/>
  <binding command="wait"         key="i"  name="Czekaj"/>
  <binding command="backpack"     key="p"  name="Pokaż plecak"/>
  <binding command="pick-up"      key=","  name="Podnieś"/>
  <binding command="drop"         key="U"  name="Upuść"/>
  <binding command="take-stairs"  key=">"  name="Użyj schodów" />
  <binding command="close-door"   key="z"  name="Zamknij drzwi"/>
  <binding command="show-help"    key="?"  name="Pomoc" />
  <binding command="message-log"  key="h"  name="Historia wiadomości" />
  <binding command="show-plan"    key="m"  name="Pokaż mapę"/>
  <binding command="quit"         key="Q"  name="Wyjdź z gry"/>
</keybindings>
